2025-09-23_20-00-07,None,draft.py:2025-09-23_20-00-07
2025-09-23_20-00-10,None,draft.py:2025-09-23_20-00-07
2025-09-29_16-10-02,None,draft.py:2025-09-29_16-10-02
2025-09-29_16-10-07,None,draft.py:2025-09-29_16-10-02
2025-09-30_11-06-48,None,draft.py:2025-09-29_16-10-02
2025-09-30_11-06-50,None,draft.py:2025-09-29_16-10-02
2025-09-30_11-06-51,None,draft.py:2025-09-29_16-10-02
2025-09-30_11-06-52,None,draft.py:2025-09-29_16-10-02
2025-09-30_11-06-52,None,draft.py:2025-09-29_16-10-02
2025-09-30_11-06-52,None,draft.py:2025-09-29_16-10-02
2025-09-30_11-06-53,None,draft.py:2025-09-29_16-10-02
2025-09-30_11-06-53,None,draft.py:2025-09-29_16-10-02
2025-09-30_11-06-54,None,draft.py:2025-09-29_16-10-02
2025-09-30_11-06-54,None,draft.py:2025-09-29_16-10-02
2025-09-30_11-06-55,None,draft.py:2025-09-29_16-10-02
2025-09-30_11-06-55,None,draft.py:2025-09-29_16-10-02
2025-09-30_11-06-55,None,draft.py:2025-09-29_16-10-02
2025-09-30_11-06-56,None,draft.py:2025-09-29_16-10-02
2025-09-30_11-06-56,None,draft.py:2025-09-29_16-10-02
2025-09-30_11-06-57,None,draft.py:2025-09-29_16-10-02
2025-09-30_11-06-57,None,draft.py:2025-09-29_16-10-02
2025-09-30_11-06-58,None,draft.py:2025-09-29_16-10-02
2025-09-30_11-06-58,None,draft.py:2025-09-29_16-10-02
2025-09-30_11-06-58,None,draft.py:2025-09-29_16-10-02
2025-09-30_11-06-59,None,draft.py:2025-09-29_16-10-02
2025-09-30_11-06-59,None,draft.py:2025-09-29_16-10-02
2025-09-30_11-07-00,None,draft.py:2025-09-29_16-10-02
2025-09-30_11-07-00,None,draft.py:2025-09-29_16-10-02
2025-09-30_11-07-01,None,draft.py:2025-09-29_16-10-02
2025-09-30_11-07-01,None,draft.py:2025-09-29_16-10-02
2025-09-30_11-07-01,None,draft.py:2025-09-29_16-10-02
2025-09-30_11-07-02,None,draft.py:2025-09-29_16-10-02
2025-09-30_11-07-02,None,draft.py:2025-09-29_16-10-02
2025-09-30_11-07-03,None,draft.py:2025-09-29_16-10-02
2025-09-30_11-07-03,None,draft.py:2025-09-29_16-10-02
2025-09-30_11-07-04,None,draft.py:2025-09-29_16-10-02
2025-09-30_11-07-04,None,draft.py:2025-09-29_16-10-02
2025-09-30_11-07-04,None,draft.py:2025-09-29_16-10-02
2025-09-30_11-07-05,None,draft.py:2025-09-29_16-10-02
2025-09-30_11-07-05,None,draft.py:2025-09-29_16-10-02
2025-09-30_11-07-06,None,draft.py:2025-09-29_16-10-02
2025-09-30_11-07-06,None,draft.py:2025-09-29_16-10-02
2025-09-30_11-07-07,None,draft.py:2025-09-29_16-10-02
2025-09-30_11-07-07,None,draft.py:2025-09-29_16-10-02
2025-09-30_11-07-07,None,draft.py:2025-09-29_16-10-02
2025-09-30_11-07-08,None,draft.py:2025-09-29_16-10-02
2025-09-30_11-07-08,None,draft.py:2025-09-29_16-10-02
2025-09-30_11-07-09,None,draft.py:2025-09-29_16-10-02
2025-09-30_11-07-09,None,draft.py:2025-09-29_16-10-02
2025-09-30_11-07-10,None,draft.py:2025-09-29_16-10-02
2025-09-30_11-07-10,None,draft.py:2025-09-29_16-10-02
2025-09-30_11-07-10,None,draft.py:2025-09-29_16-10-02
2025-09-30_11-07-11,None,draft.py:2025-09-29_16-10-02
2025-09-30_11-07-11,None,draft.py:2025-09-29_16-10-02
2025-09-30_11-07-12,None,draft.py:2025-09-29_16-10-02
2025-09-30_11-07-12,None,draft.py:2025-09-29_16-10-02
2025-09-30_11-07-12,None,draft.py:2025-09-29_16-10-02
2025-09-30_11-07-13,None,draft.py:2025-09-29_16-10-02
2025-09-30_11-07-13,None,draft.py:2025-09-29_16-10-02
2025-09-30_11-07-14,None,draft.py:2025-09-29_16-10-02
2025-09-30_11-07-14,None,draft.py:2025-09-29_16-10-02
2025-09-30_14-21-32,None,draft.py:2025-09-30_14-21-32
2025-09-30_14-25-16,None,draft.py:2025-09-30_14-25-16
2025-09-30_14-30-59,None,draft.py:2025-09-30_14-25-16
2025-09-30_14-31-05,None,draft.py:2025-09-30_14-31-05
2025-09-30_14-34-29,None,draft.py:2025-09-30_14-34-29
2025-09-30_16-33-11,None,draft.py:2025-09-30_14-34-29
